Longitude,Latitude,UHI Index
-73.971665,40.78876333,0.9634648226349951
-73.97192833,40.788875,0.9644375928187436
-73.96708,40.78908,0.9626304398912459
-73.97255,40.78908167,0.9635446096137461
-73.96969667,40.78795333,0.9596367003124961
-73.97021167,40.78418333,0.9601953590137515
-73.96975167,40.78470833,0.9604201449525036
-73.96676667,40.78886333,0.9563388380399935
-73.97130333,40.788585,0.9615744268799983
-73.966635,40.78418333,0.9621088944650031
-73.98672167,40.78182667,0.9744700172812506
-73.95032333,40.81512333,0.9758570485087503
-73.98230833,40.76774167,0.9709436127070827
-73.96508333,40.78370667,0.9695740113925042
-73.97968333,40.77094667,0.9711007829887549
-73.95570333,40.79593833,0.97434049511687
-73.97289167,40.78512667,0.9690380411424977
-73.95583833,40.78309833,0.9701383801774988
-73.96325,40.781915,0.9681611354562556
-73.94459,40.777375,0.9711031865900027
-73.97195,40.78476,0.9690614813799959
-73.94579667,40.781725,0.9751709710062453
-73.98071167,40.78740333,0.9735789875962491
-73.96015833,40.758905,0.9730880948387521
-73.98460333,40.78264333,0.9720537189774986
-73.97688333,40.79036333,0.9758324063700035
-73.94998833,40.81563833,0.9741176625337453
-73.94784,40.77889,0.9739197731287509
-73.973275,40.78934667,0.9672977536087508
-73.95970667,40.79867333,0.9745310221262515
-73.94704833,40.78009,0.9721036048712511
-73.982415,40.76795333,0.9689445804812488
-73.97984667,40.78694667,0.9792073509949968
-73.98738167,40.78111,0.9749314595575
-73.97607667,40.789975,0.9718749116037563
-73.96195667,40.79138333,0.968118011726248
-73.97963,40.78667,0.9794718050212466
-73.95438833,40.78251333,0.969079512128337
-73.96295833,40.79177333,0.972296385204998
-73.941705,40.790355,0.9813775269637506
-73.98581667,40.78309667,0.9707328006750024
-73.96991,40.79022,0.9733925178187465
-73.95996333,40.79833667,0.9731423380975016
-73.98242,40.76804,0.970756842013749
-73.97728333,40.77158667,0.9742156307224994
-73.94637333,40.77291833,0.9678113353091681
-73.96973667,40.79016,0.9729387386674985
-73.95559167,40.796185,0.9764175112537413
-73.96010333,40.75887667,0.9735423247075025
-73.97565,40.78978167,0.9729268681012446
-73.95958667,40.79883167,0.970944364142503
-73.95093167,40.81433333,0.9734030352962499
-73.98085833,40.76942167,0.9743335827687558
-73.96359333,40.78273833,0.968957653066255
-73.96236,40.78117,0.968620924868751
-73.98243167,40.76812833,0.9705630092216657
-73.98065667,40.78737833,0.9735789875962491
-73.96223833,40.79151333,0.9682511402399979
-73.97228167,40.784905,0.9670915993224984
-73.984475,40.78302333,0.9713859728887411
-73.97515667,40.78964,0.973900539897491
-73.96217833,40.78093667,0.968801985762503
-73.95764833,40.7896,0.981899522798757
-73.89286,40.84138833,0.9834345583833388
-73.95836333,40.78989667,0.9799442162025038
-73.93310667,40.79522,0.9831442604049963
-73.898815,40.80721667,0.9763943714937434
-73.975995,40.78651667,0.9787864779687538
-73.98061167,40.78789333,0.9784389313475004
-73.96706333,40.807085,0.9800762927837523
-73.96702333,40.79345333,0.9865911780808335
-73.98249667,40.77439333,0.9805204554958337
-73.95459,40.79726333,0.9804907041425056
-73.93384167,40.79543,0.9847365442112523
-73.97887167,40.78633833,0.9810226173795842
-73.98053,40.78922667,0.9787215666079178
-73.9723,40.79635667,0.9817080944549963
-73.98471,40.785675,0.9823692296249986
-73.98227833,40.77546,0.9812764034325011
-73.94239,40.78637333,0.9807997850424962
-73.97824333,40.78618,0.9786380233933245
-73.97923667,40.78652667,0.9757590807249938
-73.977965,40.79070667,0.9757925880699996
-73.973785,40.78925667,0.9735119727662412
-73.95881833,40.79981333,0.9731414362850049
-73.98191,40.76774,0.9745561152033322
-73.98061833,40.78785167,0.9784638742025009
-73.92448833,40.84360667,0.9800504483925008
-73.89894667,40.80784333,0.9799006414612552
-73.95300667,40.768135,0.9834084137199965
-73.956465,40.79106833,0.9773504631016628
-73.94668333,40.78053667,0.9758596033437432
-73.955205,40.795475,0.9798570965743724
-73.97388833,40.79209333,0.9764553759908337
-73.95322833,40.78605333,0.9770730867337482
-73.97746833,40.78691833,0.9791081806299919
-73.93201,40.79670167,0.9836011948949985
-73.982295,40.77552167,0.9833780618824971
-73.94437,40.77540667,0.9766525148487463
-73.97374167,40.79201333,0.9770036673645834
-73.94584167,40.78166,0.9748827761912457
-73.97750833,40.78687833,0.9786951214324917
-73.98251167,40.77422333,0.9802472864862506
-73.95585,40.80458667,0.9848349630162506
-73.89406167,40.84209167,0.9758145260483366
-73.94356667,40.776545,0.9753179233387468
-73.97264167,40.79146333,0.9820400145375051
-73.980605,40.78903,0.9789909791700012
-73.95382833,40.78774167,0.9816511463750058
-73.96049833,40.75905833,0.9752238618499995
-73.94182667,40.79043,0.9826988955187498
-73.95644,40.78324167,0.9747123835287503
-73.95949,40.75906667,0.9726222947250048
-73.97020667,40.79417333,0.985185364231245
-73.89813167,40.81011333,0.9858995408104144
-73.94727833,40.77857833,0.9788267472412528
-73.97653167,40.78666,0.9761252596974991
-73.98390167,40.78367667,0.9771612878312474
-73.899475,40.80542167,0.9782695911437496
-73.95653167,40.79101833,0.9775752490029128
-73.94396667,40.77597333,0.9801213701249977
-73.98472333,40.78499833,0.9747562587031265
-73.94893667,40.77330833,0.981312765723754
-73.98470667,40.78573,0.9823692296249986
-73.96068667,40.75916167,0.9768866167287464
-73.951185,40.79774,0.9843397129279154
-73.95443833,40.797615,0.9827457759937529
-73.97065667,40.76783,0.9834713718012454
-73.95697833,40.783335,0.9811271968987547
-73.95362833,40.78617833,0.9730539862562503
-73.93213833,40.79653667,0.9831486178262466
-73.95492333,40.79676667,0.9821632257937515
-73.887255,40.82287167,0.978438931508749
-73.95680833,40.79073667,0.9751006503112479
-73.92461167,40.84343167,0.9800274589350023
-73.902365,40.80613167,0.9822392565362473
-73.89948167,40.81362667,0.9844161936912467
-73.9465,40.78071167,0.9762145127299908
-73.947145,40.805955,0.9900510686170904
-73.95983667,40.80953,0.9680341678099932
-73.95479667,40.79690667,0.982330462930002
-73.945695,40.78186167,0.9752905763591619
-73.971625,40.791,0.9828102366162496
-73.97831833,40.7908,0.9757060394824976
-73.97892167,40.79080333,0.982145796251248
-73.88750833,40.8226,0.9801410539474967
-73.983185,40.78434667,0.9839568854783397
-73.97217667,40.7966,0.9801604371599997
-73.94266,40.78591667,0.9837355254525011
-73.94932167,40.77342667,0.9834791853012551
-73.98251167,40.77396333,0.9805906259737514
-73.94351667,40.77660833,0.974951143562498
-73.95702833,40.79038833,0.9772108732774987
-73.96737333,40.806175,0.9812126939262497
-73.95818167,40.78188,0.9848301546137512
-73.94980333,40.816245,0.9784496002675057
-73.91806833,40.83678667,0.9810963944349983
-73.95192833,40.77375833,0.9842809615849969
-73.95868167,40.79000333,0.9779965723987538
-73.96004167,40.773365,0.9828242108624972
-73.89871333,40.806685,0.9739952022587438
-73.92465667,40.843095,0.9841628591975047
-73.98121,40.76888333,0.9795633119741651
-73.954495,40.78656667,0.9741610869850043
-73.95993833,40.77355667,0.9822075520949961
-73.97859167,40.790915,0.9803634360124971
-73.95254167,40.76849333,0.9779137796312461
-73.97175333,40.79723333,0.9796358865699982
-73.96372167,40.79215333,0.9759787576549965
-73.95286,40.78659167,0.9813754236624918
-73.961075,40.75933833,0.978788281798743
-73.97226167,40.79645333,0.9809793431899984
-73.96766833,40.80002167,0.9914511224512492
-73.949095,40.79414667,0.994550643556253
-73.96059167,40.797535,0.9844172459262437
-73.93322,40.795155,0.9840169586912474
-73.94806167,40.78681,0.9865234117087439
-73.899135,40.81350667,0.985626672036247
-73.90962667,40.84315667,0.9842794593612435
-73.95757833,40.76121,0.9889156692625007
-73.91770833,40.83735333,0.9857758782712505
-73.98724667,40.77075833,0.9898173676312547
-73.87953667,40.80615167,0.9970492837474996
-73.97206,40.765805,0.9876874606450039
-73.9024,40.83370667,0.9919708645120814
-73.95461833,40.79562833,0.9907016354491691
-73.90329667,40.811215,0.9886669921412532
-73.93413833,40.79555833,0.9898571852575057
-73.90040833,40.81547667,0.9918898753412542
-73.95488,40.80417,0.991351200785002
-73.92372,40.84413333,0.989339697212504
-73.895605,40.80892667,0.9886660907925005
-73.95195833,40.7693,0.9883720359787564
-73.92564667,40.84142667,0.9866687110587445
-73.942635,40.79075333,0.9948332789154181
-73.92131667,40.83194167,0.9953035864404127
-73.98715333,40.77091833,0.9898589890787545
-73.89874,40.81051333,0.9811891032462534
-73.897585,40.81975,0.9902310277074987
-73.90627,40.843665,0.9911032749216663
-73.970495,40.767875,0.9860511511399926
-73.941085,40.79014833,0.9857745258887544
-73.97013333,40.79409667,0.9840438546762459
-73.88117167,40.80541333,0.9915113754762542
-73.91002833,40.84028333,0.990991783723745
-73.88944167,40.80749333,0.9941287195091648
-73.95901667,40.75951,0.9855883568599944
-73.90356167,40.817495,0.9912380563449988
-73.96688667,40.807605,0.9891419577625002
-73.97541167,40.786255,0.9833188598324959
-73.912915,40.835245,0.9909704469212549
-73.89614833,40.81892,0.9943090292937469
-73.95433333,40.78149167,0.9915319611250031
-73.92512667,40.84229167,0.9870239214562523
-73.90222167,40.80517667,0.9869298600875045
-73.917745,40.83730333,0.986216134160002
-73.95701833,40.76218833,0.9854271296262498
-73.91789333,40.83208833,0.9921716089512499
-73.956985,40.76223,0.9859793274662445
-73.96148333,40.75945667,0.9813023979974929
-73.90956,40.84112667,0.9866651050875018
-73.94763167,40.7854,0.9939574253112465
-73.97201333,40.765855,0.9886603809662552
-73.95799667,40.76086,0.9835712932725015
-73.96383333,40.76041333,0.9898562839587587
-73.88087333,40.80545833,0.9913782468987538
-73.98283833,40.782095,0.9904745959787532
-73.94646,40.785155,0.993022370052495
-73.90953333,40.84341,0.9922951214762483
-73.969145,40.793605,0.9856648378224975
-73.94900333,40.79004833,0.9891073984099996
-73.95807667,40.80547333,0.9933123678037461
-73.98504833,40.780215,0.98839562610166
-73.89324667,40.84277667,0.9917840938362451
-73.95255667,40.786845,0.9861868343149994
-73.95508,40.79237667,0.9928437131420881
-73.92208333,40.841025,0.9944247275912511
-73.892235,40.842125,0.9855383205099999
-73.88972167,40.80855,0.9992568738775043
-73.958945,40.75958833,0.992061620164999
-73.96860667,40.76490833,0.9894490852512433
-73.95697833,40.81226,0.988571127432501
-73.971345,40.76693167,0.9868108551199942
-73.88797,40.82323333,0.9864757803650024
-73.97463167,40.79340167,0.9887478309887477
-73.946495,40.785135,0.993022370052495
-73.95584,40.79158,0.9810637881599915
-73.91757833,40.84419667,0.9887409191087551
-73.90011833,40.81484833,0.9849599776850038
-73.97195667,40.76595333,0.9876988803962593
-73.97126833,40.767035,0.986687643569994
-73.93475833,40.7991,0.989381468849998
-73.96877667,40.76495667,0.9911482023737467
-73.94826333,40.79514333,0.9921933967941701
-73.971365,40.79778667,0.9842590242462446
-73.95539167,40.79191833,0.9869292586795794
-73.95947,40.7742,0.989298526000009
-73.96063833,40.772585,0.9839783420999965
-73.903525,40.80943333,0.9902329810037458
-73.971035,40.76733,0.988557153433742
-73.90302833,40.80945167,0.9888444468787491
-73.957995,40.78214667,0.9852522293591712
-73.949355,40.79019833,0.9920375788887492
-73.95730833,40.81173833,0.9870034859124996
-73.95949333,40.77413167,0.9891955993287579
-73.97253333,40.79134,0.98774801412125
-73.970795,40.76757167,0.9869743359574943
-73.964165,40.80805833,0.98664031229125
-73.952775,40.774125,0.9884405534512526
-73.96780333,40.800805,0.9919295436674954
-73.94580833,40.77790333,0.9871573504849949
-73.960155,40.77318667,0.9853012137387543
-73.95950833,40.77407667,0.9891955993287579
-73.90968333,40.842745,0.9862681238037468
-73.89594667,40.80889833,0.9926528854587492
-73.93151,40.79741333,0.9934258123700017
-73.96144,40.797755,0.9863366411575006
-73.95109333,40.79770167,0.9850375110154167
-73.95569667,40.79168167,0.9847711034404188
-73.96358167,40.80831,0.986260310221248
-73.91739333,40.84411,0.9899345681262562
-73.96988833,40.79453667,0.9868180675033301
-73.879635,40.80643333,0.9974378508987494
-73.96904,40.79355167,0.9857054074724968
-73.983515,40.775965,0.9871268477824962
-73.91753833,40.84416833,0.989391235227507
-73.95755667,40.76125333,0.9863208638724966
-73.98553167,40.78030667,0.9880758771468675
-73.94354333,40.78470667,0.9889440678133353
-73.92570833,40.84131333,0.9866443692674944
-73.97783167,40.78652,0.9851368315375043
-73.95793167,40.80602167,0.989001165661246
-73.972215,40.765515,0.9910714199250017
-73.97948333,40.79043667,0.9904770001154146
-73.90565167,40.84361667,0.9870239211279217
-73.89642,40.81940667,0.9922257023741657
-73.972105,40.76878333,0.9852008415237526
-73.92396833,40.84403833,0.9882763214712469
-73.97109,40.76729167,0.9853734872250063
-73.90371167,40.80930667,0.9902406441674952
-73.95429833,40.81096833,0.9917235402312424
-73.90236333,40.83376333,0.9918145961999987
-73.89312667,40.84268,0.9862284555262477
-73.95801667,40.81085833,0.9857108165212495
-73.94812,40.806325,0.9878698736875038
-73.90793333,40.80256,0.9892753866562475
-73.94937833,40.77346333,0.9834270457975048
-73.98492333,40.78015333,0.9871813913204153
-73.970135,40.794275,0.9824817732058285
-73.89464833,40.809025,0.992316608443747
-73.899735,40.81426333,0.9827834907699976
-73.90311167,40.809555,0.9876957246399996
-73.96292,40.809115,0.9887894526112454
-73.95783,40.78233333,0.9858950330237539
-73.88759333,40.806415,0.9942662055862492
-73.96336167,40.80860333,0.9868688545824985
-73.95013333,40.81740667,0.9827589983275058
-73.954585,40.79564833,0.9911617253993767
-73.903075,40.817455,0.9872428467837523
-73.95623667,40.79130833,0.9862787917012487
-73.91732667,40.84535833,0.9956724697837536
-73.90507833,40.84362,0.9869463881250015
-73.951195,40.77346667,0.9904199014987498
-73.90236167,40.81729167,0.9879851213387504
-73.96040833,40.80168167,0.9907718058350032
-73.944875,40.78727667,0.9878467336825048
-73.98692,40.77126667,0.9906815008125062
-73.94251333,40.78649167,0.9849859725287584
-73.95009667,40.79031333,0.9985721480587446
-73.884795,40.804875,0.9945868558037517
-73.95473333,40.82247167,0.9999605320691688
-73.947025,40.78921333,0.9913944750962552
-73.94809667,40.78557667,0.9950301170662499
-73.95631167,40.80473,0.9979454221862479
-73.906315,40.81544167,1.0018975074662528
-73.906095,40.84464833,0.9959439859824998
-73.98854333,40.76914833,0.9952723326575007
-73.95643167,40.82298167,0.9925546164462442
-73.96454833,40.799075,0.9948996930725
-73.95014667,40.77375167,0.9934130407212443
-73.90134833,40.83540667,1.0025101095662472
-73.89738667,40.80789833,0.999238016723126
-73.91745,40.845115,0.9980938772300015
-73.904615,40.80801667,0.9915471374262472
-73.91316,40.827285,0.9928752669887441
-73.914005,40.83562167,0.9977380665199965
-73.91233667,40.82942333,0.9926530358100081
-73.96472333,40.79915667,0.9930336391850022
-73.91226833,40.82940167,0.9929048681825082
-73.91735333,40.83290167,0.9964566663895846
-73.953495,40.81755667,0.9997740621800054
-73.90972167,40.82632333,0.9945320119300046
-73.95696333,40.77681833,0.9978412933237472
-73.91689667,40.80412167,0.9968470366416695
-73.894685,40.84391667,0.9953023846820753
-73.91581333,40.83496167,0.9897928749933322
-73.89158833,40.82145833,0.9988741670175026
-73.91717,40.83334167,0.9962249680099928
-73.93579667,40.79961667,0.9979075570924957
-73.909525,40.82669667,1.00292196621625
-73.925235,40.826975,1.0053824405674938
-73.90352,40.81751,0.9935843347899979
-73.91058667,40.83936333,0.99524273202125
-73.92255,40.82338833,1.0037193855970832
-73.95286,40.818075,0.9960998036312536
-73.9122,40.84474833,1.00056712385042
-73.903805,40.81188,1.0005116784150008
-73.92686333,40.83529333,1.002912800968753
-73.90882667,40.843765,0.9977024550916722
-73.99138833,40.77586333,0.9980157429349984
-73.962415,40.80243333,0.9898373514100064
-73.893215,40.84425667,0.9948302740887407
-73.89811667,40.81923333,0.996044658877502
-73.89667833,40.84407833,0.9969951907462489
-73.92572833,40.84127,0.9907519718149952
-73.89257667,40.84387167,0.9929738366762444
-73.95827667,40.774705,0.9972590436399965
-73.93841,40.80229333,0.9968626634237513
-73.96528333,40.79930667,0.992527119468754
-73.94929167,40.79698333,0.9964212053912459
-73.88392667,40.81553333,1.0012249528125
-73.89794333,40.83639,1.0002679594524964
-73.896715,40.80842,0.9968471868800022
-73.98891833,40.76938833,0.9986648577487525
-73.90439333,40.808115,0.9939188089399971
-73.91538833,40.83536667,1.0003650268925015
-73.97155833,40.766505,0.995559776606249
-73.95496167,40.77345667,0.9932923834375074
-73.94806667,40.79310667,0.9981730633924951
-73.97364167,40.79474167,0.9972554377862464
-73.95694833,40.80499,0.9959657732712504
-73.90419833,40.81585833,0.9941135433449978
-73.92742833,40.83408,0.9989264566050033
-73.91715167,40.844005,0.9920240556475042
-73.957195,40.82223833,1.0045095925675027
-73.90078,40.8415,0.9979248371225011
-73.95710667,40.80716333,0.9929610646299981
-73.95403167,40.77551333,0.997829122749996
-73.91676667,40.80406833,0.9968384719600029
-73.89541,40.81758333,0.9924674671937591
-73.894235,40.80907833,0.9985039312199936
-73.90390667,40.80835167,0.9979000442212472
-73.89524667,40.81734,0.9926716674137441
-73.95109833,40.78876833,0.9955501598512462
-73.891595,40.82153167,1.000555103040835
-73.95975,40.801385,0.9938779389212538
-73.94890167,40.80167,1.0089271770087544
-73.96678333,40.80389833,0.9981819283895846
-73.93246333,40.79813333,0.9972220806762483
-73.964275,40.76059167,0.9930754105887557
-73.97178833,40.76615667,0.9931304053674984
-73.95899333,40.809555,0.99317082495625
-73.91556667,40.83522167,0.9923020330962496
-73.961635,40.79784833,0.9910613531899958
-73.94739333,40.78528667,0.9937221213312465
-73.95279,40.77490333,0.9948717448187514
-73.919065,40.84354333,0.9917588506287508
-73.92630833,40.834865,0.9934256619999954
-73.95199333,40.81882333,0.9936187433987463
-73.93536833,40.80039333,0.9894151268987426
-73.89158333,40.821185,1.0011864869162503
-73.96228333,40.79816,0.9963035537799947
-73.947745,40.79293,0.9970324544874966
-73.89792833,40.81943,0.9930730070749998
-73.87980333,40.80564167,0.9960703529687506
-73.95477667,40.78076833,1.0010446434350075
-73.956035,40.77378667,0.9909896798399971
-73.93538667,40.80095333,0.9964309718912477
-73.92721,40.834035,0.9970378641775042
-73.95703667,40.7632,1.0017963840162492
-73.95860333,40.76001667,0.9961686214387462
-73.962185,40.80231667,0.992224049268755
-73.95936,40.77446667,0.9991345640249937
-73.91331167,40.82978,0.9953509177074941
-73.895245,40.84396167,0.9999357397600034
-73.90502167,40.84424,0.9961257982674944
-73.96481667,40.799195,0.9929565568262526
-73.92139333,40.83182,0.9960943939658293
-73.91755,40.84626833,1.0000708215412508
-73.88854167,40.806315,1.0036594327812465
-73.95483667,40.794275,0.9956511330758295
-73.98883667,40.769325,0.9966303646349979
-73.94841667,40.78615167,1.0016306495287457
-73.91302167,40.83857333,1.0072582617399959
-73.95843667,40.76429833,0.9969900821799956
-73.89597667,40.84400167,0.999557690278749
-73.90328,40.8087,0.9921245782862482
-73.90519333,40.80768,0.9977267968112435
-73.93185,40.79783833,0.9933288962250018
-73.88334667,40.81329,1.0006147551249975
-73.98191333,40.78349667,0.9988576383062537
-73.95489333,40.773545,0.9938457836012563
-73.96964,40.76536333,0.9994739968600024
-73.959795,40.80140333,0.9938779389212538
-73.91729,40.84560167,0.9928160654837563
-73.92724333,40.83541667,0.9929546031987441
-73.89827833,40.81907833,0.9974059960349964
-73.91718167,40.83325167,0.9953626379054105
-73.91836667,40.844505,0.9907073452262523
-73.88595,40.80504,0.9965208261200038
-73.91238,40.83506167,0.9947531912812532
-73.91654667,40.84372,0.9950534065799963
-73.953765,40.79819333,0.9992794124954217
-73.96897,40.76510667,0.9913445893687445
-73.98839833,40.76930833,0.9956554904862511
-73.9536,40.80364333,1.0020363462225008
-73.89359333,40.84446,0.9935871897645784
-73.92751833,40.83859333,1.000082992317498
-73.88758833,40.82077167,0.998006427236251
-73.95790833,40.774565,0.9930363436537448
-73.94574333,40.78616,0.9961118237399923
-73.90973,40.840805,0.9916614835579144
-73.89895667,40.83655833,0.9952186909962529
-73.948925,40.79436,0.9944531264187499
-73.89852833,40.81886667,0.9925552182349959
-73.89892167,40.81846333,1.000257742197495
-73.894965,40.80901833,0.9911204042499919
-73.95905167,40.81632333,0.9958865874999957
-73.988065,40.76966,0.9960995028050023
-73.95814667,40.77465667,0.9936445877824931
-73.95968167,40.80942667,0.9909636857662468
-73.95230333,40.774715,0.9938791409287429
-73.87966833,40.80660333,0.9975374719437494
-73.96921333,40.76518667,0.997161676821247
-73.98791333,40.76985833,0.9942654538299984
-73.887645,40.82072333,0.9993617540487507
-73.92759667,40.82512667,0.9923502656925026
-73.95475667,40.79444,1.000907607913333
-73.90928667,40.8438,0.9942770237524984
-73.90280667,40.80849833,0.9906948734725068
-73.896405,40.83876333,1.0010312704837572
-73.943345,40.79105833,0.9962946880850017
-73.89379667,40.809135,0.9995913478729197
-73.92758167,40.83860333,1.000082992317498
-73.929355,40.82962667,1.002393659578745
-73.94887667,40.79442333,0.9944531264187499
-73.95904833,40.78071333,0.9921206721624953
-73.95209833,40.77465167,0.995057914366254
-73.98273833,40.78222,0.9908421270112521
-73.98848167,40.769195,0.9958867375087515
-73.95282333,40.81810833,0.9960998036312536
-73.92761833,40.82505333,0.9916832704937536
-73.90984333,40.826115,0.9923935402725093
-73.98481667,40.77417667,0.9960296334387571
-73.88612167,40.805795,0.9994002199187502
-73.89464333,40.81779333,1.0009711672812576
-73.954065,40.79587667,0.9925595751262513
-73.94844833,40.79487333,0.9962760565095895
-73.95912167,40.80943333,0.9939963423412483
-73.96473333,40.80831333,0.9916103956762532
-73.93796167,40.80208333,0.9970252425612496
-73.94821333,40.795215,0.9944084999354199
-73.95698167,40.81402333,1.0018572388137474
-73.98765833,40.770145,0.992306690732508
-73.95334333,40.77503167,0.9949662570087543
-73.89783167,40.83627167,1.000821359674997
-73.95161833,40.76979667,0.9958625464562509
-73.88209833,40.8127,0.9957121379074954
-73.911355,40.83470833,0.996125948212502
-73.90652333,40.84469167,0.9993773809687547
-73.96174333,40.81029833,0.9955503098883358
-73.954845,40.79424833,0.9916048360583288
-73.93846833,40.85229167,0.9973464941324973
-73.93244833,40.79610667,0.9861380003087555
-73.91649,40.834185,1.004016295360005
-73.95451,40.80401333,0.9907946452075032
-73.96290333,40.80265333,1.000832479097498
-73.95828167,40.76455833,0.9947183320562452
-73.895195,40.840695,0.998672670874586
-73.94478333,40.80008,0.9999160556050032
-73.90266,40.83337667,0.9923896334924963
-73.89440833,40.84419667,0.9956747239800015
-73.90281667,40.808575,0.9914168630987557
-73.95429333,40.76869333,0.9942562883562498
-73.88908167,40.81861,1.0018510780062508
-73.90456667,40.81534,0.9969356888224968
-73.95658667,40.762765,0.9972618986887528
-73.898605,40.81880333,0.9927431909362464
-73.88737833,40.81410333,0.99842219053
-73.98473833,40.774265,0.9962066373391737
-73.927855,40.82134,1.00176738439375
-73.9097,40.84086667,0.9904950308391655
-73.984385,40.774745,0.9971483041387557
-73.957215,40.814255,1.0035216463924974
-73.964235,40.79894167,0.9996786482962468
-73.91369,40.82690167,1.0049881642787517
-73.953395,40.82254333,1.0064169668824987
-73.95733167,40.77728833,1.0012225486562485
-73.91549333,40.80421833,1.0057878366924957
-73.880915,40.81152667,1.001616375081251
-73.91990833,40.83434333,1.0002203280149953
-73.92032667,40.833665,1.0068851712487514
-73.91376333,40.82685167,1.0049881642787517
-73.97042333,40.76511333,1.0037308048287548
-73.94539667,40.79196833,1.0069016994599986
-73.94658833,40.811645,1.007680035873754
-73.89910667,40.81815,1.00358775963125
-73.94311667,40.80235333,1.0055480249779238
-73.96771833,40.801715,1.0027754648087532
-73.91312333,40.83861167,1.0063748950662466
-73.888585,40.823425,1.0000146250037452
-73.92573667,40.82608167,1.0023586495874977
-73.95396167,40.79502333,1.0030136991081218
-73.925275,40.82094333,1.0051749343087428
-73.88828333,40.814165,1.0082857253975
-73.90457167,40.81237833,1.0054267673749975
-73.95648833,40.808055,1.0055950560187525
-73.95703833,40.77775833,1.0034879882637548
-73.91415667,40.81642667,1.0045845709012466
-73.88502167,40.81249667,1.0096288815287484
-73.91440167,40.83907,1.00929741252875
-73.91688333,40.81158333,1.0122701165774979
-73.95503667,40.768995,1.0009970118612481
-73.89778667,40.80872333,1.0004248292087543
-73.88768667,40.816435,1.0093460964487535
-73.91684167,40.81832667,1.0198300460062477
-73.928015,40.82156,1.0071119104462467
-73.90333667,40.83239167,1.0063415373137536
-73.956075,40.77899667,1.0036408005325064
-73.92338333,40.82285333,1.0070889205495885
-73.88873167,40.82591333,1.0072373755487538
-73.95734167,40.822095,1.0028587080445883
-73.94967,40.80212,1.0063239576737526
-73.95110833,40.77415333,1.0022525668562559
-73.916905,40.81819833,1.0109069758649971
-73.92789,40.82876667,1.0044825460049982
-73.90241833,40.83191,1.01135759949625
-73.94677167,40.80067333,1.0065873593729135
-73.91132167,40.83815,1.0069838904449957
-73.88640667,40.81517667,1.0099028021462535
-73.88276167,40.80516833,0.9984871024112462
-73.970955,40.76449167,1.0078495263975014
-73.93840833,40.85323,1.0095041676287513
-73.95042167,40.828105,1.006619815148749
-73.92029667,40.82235,1.005218509610002
-73.95137667,40.82775167,1.0045411466737497
-73.89914,40.81825833,1.0041482219274958
-73.94485333,40.79999167,1.0002903482062522
-73.95094,40.77068333,1.0063304184200017
-73.928,40.828835,1.0042996820824976
-73.93497,40.85694833,1.0071637493650027
-73.900165,40.84130833,1.0075078401187458
-73.93549,40.799435,1.0006069418125039
-73.94836,40.80914,1.0098810145287502
-73.95611333,40.77655,1.000286291383745
-73.958805,40.81604167,1.0012010617137463
-73.95662833,40.76301,1.0056145893349993
-73.89142667,40.80950667,1.0021808939925025
-73.91336167,40.81802,1.0091295745662492
-73.915845,40.84339167,1.0106554444274967
-73.94817,40.80934833,1.0108172720125037
-73.90655833,40.80691833,1.001540494621249
-73.90327333,40.83221833,1.0060589020279158
-73.92103167,40.84225833,1.0082483116900032
-73.91189833,40.82040167,1.0117574360324995
-73.90588333,40.80402167,1.0057810753137473
-73.90573167,40.826655,1.0085996147337482
-73.96764,40.802315,1.0020608377887512
-73.91044667,40.82497833,1.0059212657775007
-73.89537667,40.810705,1.001924854350003
-73.91118,40.82158833,1.0059200642687467
-73.90675333,40.83162167,1.0052186601825064
-73.9144,40.81598167,1.0025470733075026
-73.95602333,40.77648833,0.9997748132937444
-73.95771833,40.82165333,1.0039576949520879
-73.95971333,40.81915833,1.0065884114212533
-73.93966333,40.80439,1.0047740464412522
-73.91657,40.83409167,0.9980170950050022
-73.88372333,40.814715,1.007122578745004
-73.92625333,40.82550667,1.0040484509258278
-73.958745,40.77490333,1.0037617584537526
-73.896195,40.812295,1.0084367350449939
-73.90958667,40.81901,1.0065176401187452
-73.95390833,40.81774,1.004655493143749
-73.94762833,40.80501833,1.0064691064162448
-73.92711167,40.83684667,1.009895890209169
-73.950715,40.770995,1.006544385716254
-73.95317667,40.81086667,1.0026113832845742
-73.95087,40.828295,1.0069935072524956
-73.95641667,40.80816,1.0066760119662523
-73.90501167,40.81243,1.008661671254999
-73.91447333,40.83909667,1.00929741252875
-73.95641333,40.76700667,1.0055320974362476
-73.94682833,40.79254,1.0034985063350041
-73.90144833,40.83526833,1.0014879044566647
-73.93510667,40.856515,1.0050070964850055
-73.95026,40.82633333,1.0115533860124983
-73.96389833,40.803115,1.0014820443399977
-73.92680833,40.820025,1.010048852937498
-73.949935,40.82212667,1.005756883918752
-73.94524667,40.791905,1.003037214337502
-73.95747833,40.81447167,1.005537807419998
-73.938315,40.85225667,1.0150483863945865
-73.886315,40.81508167,1.0105504139987516
-73.90274667,40.80809,0.9975637670387519
-73.94783333,40.80122333,0.9997645955537441
-73.91785333,40.82135,1.0091995946770789
-73.90180167,40.82991833,1.0026109328050024
-73.92715333,40.83694667,1.0081473380437518
-73.90709,40.813395,1.0067478352800034
-73.90569167,40.81255667,1.0074457836250017
-73.94996833,40.77214333,1.00335125335125
-73.95628833,40.81817667,1.008541765018754
-73.94262,40.80300167,1.0069792323075009
-73.885985,40.80516167,0.997018330280007
-73.95663667,40.80783667,1.0023691673525028
-73.89108,40.80955,1.0057065472637534
-73.90856667,40.819325,1.001871362707501
-73.95634833,40.80825667,1.0056073771841667
-73.905805,40.80397833,1.0059798666112472
-73.99316333,40.77099333,1.0021269518129146
-73.91834667,40.83135333,1.008732291894994
-73.88836667,40.81414167,1.0102955760037515
-73.94795,40.8254,1.0131073537437472
-73.94740833,40.80539333,0.9982021129995844
-73.89838333,40.81538333,1.0070223560900018
-73.88806167,40.81696333,1.0095795970262553
-73.92751,40.83609333,1.0091193569641705
-73.92344167,40.82275167,1.006533867577505
-73.92994333,40.82993833,1.0052329344449962
-73.892005,40.82039667,1.007729170008336
-73.958745,40.81598,1.0042045684024965
-73.89825,40.817515,1.0052458565087432
-73.8973,40.83765167,1.0041133616975058
-73.907355,40.83061667,1.0053645606400052
-73.99219333,40.77056833,0.9967734100662541
-73.890005,40.809575,1.005781525935004
-73.88873667,40.825195,1.0068210109300018
-73.96696,40.80363167,1.0044225927062482
-73.94979667,40.77238,1.0049298637275046
-73.967625,40.80240833,1.0026397817625023
-73.91402,40.8267,1.0032568917625013
-73.92663333,40.83859667,1.0052691464974957
-73.889,40.80629333,1.0162788493199917
-73.90162333,40.840655,1.004011637291253
-73.88382333,40.81513667,1.0049222007975005
-73.95991167,40.81886667,1.0025198759479155
-73.90819833,40.82002667,1.003514433448754
-73.92796333,40.82146167,1.0041584396987469
-73.94582167,40.813665,1.0092780289775058
-73.91688167,40.81824167,1.0137080851299978
-73.91344833,40.81805667,1.004462711776253
-73.91319,40.83864333,1.0058596604224974
-73.90831333,40.81979333,1.0024663841737533
-73.94402167,40.80110833,1.0069165747575008
-73.91057667,40.82469667,1.0095496955462462
-73.96708833,40.80343833,1.0058434322024998
-73.90664667,40.83186833,1.004614623061255
-73.906675,40.80724,1.0018775232512513
-73.95321333,40.82268,1.0079798002424993
-73.95505833,40.768935,1.0010204520824981
-73.903065,40.83277167,1.005236840699998
-73.910895,40.82208667,1.005242550798753
-73.92321333,40.8232,1.009114548482086
-73.913715,40.819245,1.0125856584862445
-73.92732,40.83648333,1.0066920894554108
-73.91877,40.83076167,1.0107595730300045
-73.89753667,40.81623167,1.0051928157812562
-73.91799833,40.82138167,1.0093803550154132
-73.94412833,40.80097333,1.0101723647874985
-73.88917833,40.806535,1.0082723525575001
-73.90180333,40.84036333,1.0062545378825027
-73.90721167,40.81302833,1.0068533163850033
-73.88511833,40.804805,0.997061454406252
-73.91979,40.83454333,0.9977835942574953
-73.926155,40.83864667,1.0084486055287547
-73.95398833,40.79501,1.0066663954904087
-73.94895833,40.80662333,1.0051899605487435
-73.89815667,40.81745333,1.0063144913012507
-73.91352333,40.84501833,1.0110917934979156
-73.88721,40.82098,1.001251999026251
-73.95652667,40.817855,1.007344209007506
-73.95433667,40.79483167,1.0054369846512494
-73.957435,40.77713667,1.0013265270437446
-73.90859833,40.81925333,1.0027987549924995
-73.89488,40.81244,1.0010192499037454
-73.96657,40.76173167,1.0083910562724963
-73.94724833,40.82695167,1.007849376558751
-73.94679,40.78497667,1.003737116010004
-73.888435,40.8219,1.0045148510775022
-73.95447667,40.82236,1.002526187157503
-73.95979833,40.81788667,1.0055825846287494
-73.89967667,40.83744,1.0073527737162495
-73.888725,40.82527167,1.0070204031845855
-73.92176167,40.84128667,1.0011547824462501
-73.949105,40.80174667,1.0085985627958372
-73.91587667,40.84341333,1.0106554444274967
-73.88858,40.82013167,1.0051184375962499
-73.92720833,40.83858167,1.0030486339749995
-73.9235,40.822655,1.0067771352250057
-73.9024,40.83583,1.003872648913745
-73.94767833,40.804945,1.006161979111245
-73.95045333,40.82152833,1.0095941723600013
-73.91705833,40.81788167,1.005431124214996
-73.91444167,40.81590167,1.0025470733075026
-73.989665,40.76961833,1.0110892392649953
-73.9277,40.83799667,1.0118783937337563
-73.88897,40.82614,1.0059220171237562
-73.90213833,40.83855167,1.009358117161252
-73.97289833,40.76470333,1.0138858402437538
-73.93567,40.85557833,1.0199144908712516
-73.92505,40.82728667,1.0119958955774953
-73.9076,40.82537,1.013855187515007
-73.95227333,40.8224,1.0175366582625012
-73.92109333,40.84207833,1.0098377406600023
-73.90787,40.82969667,1.016852533683337
-73.925565,40.81185167,1.016756218563753
-73.92020333,40.80381,1.0145876957512503
-73.91703333,40.81133333,1.0140260314316614
-73.91502,40.83927167,1.012401892756247
-73.91529833,40.81451333,1.017802164295002
-73.95131833,40.80464333,1.0133685024799965
-73.90041833,40.83100833,1.0155580614416653
-73.90781667,40.804365,1.0116067270474982
-73.96556,40.80860167,1.0161670567237566
-73.91344333,40.81764833,1.0126517717300032
-73.94750333,40.80523167,1.0043187145454133
-73.91556,40.814055,1.0142796668787464
-73.88591667,40.80491833,1.009480427122498
-73.91577333,40.82062667,1.0137315250537549
-73.942,40.80379833,1.0198300458549916
-73.92731333,40.81059333,1.0138475247849974
-73.929665,40.85748,1.0128649878549978
-73.95325333,40.81254,1.0142485628174958
-73.93138833,40.832545,1.0180466342324934
-73.90421,40.827805,1.014558395456247
-73.950725,40.82658,1.0147797251237487
-73.90694833,40.81372333,1.0129434228199943
-73.97295833,40.76460167,1.0152691152637496
-73.91921833,40.82172333,1.0163601383687453
-73.92314833,40.813085,1.0130628778087567
-73.88961,40.81392,1.018043478854586
-73.99017,40.76980833,1.0141307607874945
-73.90232333,40.831875,1.0129444739462483
-73.92969667,40.81767667,1.0149710032562522
-73.94546167,40.81320333,1.015699303625009
-73.885275,40.81345333,1.0174095405587489
-73.95940167,40.81961667,1.0125420835925
-73.95471,40.81814,1.0103430574612546
-73.911395,40.81944333,1.0141483411275047
-73.92000667,40.83071167,1.0123886701150024
-73.99035333,40.76987667,1.0175919531724957
-73.94227,40.80345167,1.014372976964995
-73.92993167,40.81725667,1.0128567231500039
-73.927115,40.83688833,1.009895890209169
-73.95013833,40.82800833,1.0098482581962462
-73.90118833,40.83146667,1.0117294884987456
-73.96804833,40.76247333,1.0154020933712504
-73.92565667,40.82784333,1.0109893173991693
-73.95005,40.82799667,1.009990251997497
-73.91987667,40.84351333,1.0016181779899989
-73.91644667,40.812365,1.0099642575349974
-73.88888833,40.81402833,1.0138553379812514
-73.91512167,40.81474,1.0166393177462534
-73.92747833,40.83737667,1.0117052965375049
-73.94713667,40.814145,1.0174196076899973
-73.95832667,40.82126833,1.0160379853374994
-73.92855167,40.83437667,1.0085372573374958
-73.96563667,40.80862333,1.014700689331253
-73.92282667,40.81327333,1.0139962804500033
-73.88834167,40.81744,1.0101142148774995
-73.89170167,40.82336833,1.0175132180612478
-73.932395,40.85924333,1.0232407515749933
-73.919775,40.814825,1.0187044632462505
-73.88878,40.81404333,1.0124858866924988
-73.97295167,40.764625,1.0152691152637496
-73.90818667,40.80459167,1.0148897137550066
-73.92286667,40.813245,1.0146120376812522
-73.91622,40.81278833,1.0150094693462457
-73.92041333,40.80390167,1.0132528038512516
-73.90983333,40.81099833,1.0161434666237492
-73.925075,40.82724,1.0119958955774953
-73.91389667,40.83019833,1.0105891807412426
-73.94804833,40.80953333,1.0152579964850041
-73.891675,40.82303667,1.013969984502503
-73.93136167,40.83259333,1.0181014783799938
-73.92967333,40.83463667,1.0159162767475056
-73.908085,40.82489667,1.0121698939666677
-73.95611833,40.81839333,1.0121837178250046
-73.968215,40.76263,1.0136868991137484
-73.93088833,40.829785,1.0180819442687443
-73.96700833,40.7619,1.0130849658437426
-73.91734333,40.81083,1.0176168959224958
-73.88534,40.82111167,1.0177833822612445
-73.95061333,40.82645,1.0124809285387502
-73.92607,40.81158833,1.013301637256669
-73.94233333,40.80337,1.0102354731175014
-73.92587,40.83911833,1.0132014156087437
-73.947835,40.808745,1.0189346587099992
-73.88607833,40.82117667,1.0159359604537448
-73.95296333,40.81264667,1.0087441628849991
-73.95690833,40.81564,1.0183158963874939
-73.94897667,40.825845,1.0145893483724986
-73.94867167,40.81370333,1.0185717853499958
-73.92735333,40.82844833,1.013605008040001
-73.92272167,40.81333667,1.0134138804900052
-73.91376333,40.83042667,1.0187977735550031
-73.89739333,40.84415667,1.0103640935925045
-73.95433833,40.81791833,1.0101662038150043
-73.91852333,40.821515,1.0123526082287493
-73.94363333,40.80163333,1.0120970193074992
-73.943845,40.80132833,1.0050496192625022
-73.92837667,40.834315,1.0081492914074965
-73.91067833,40.81921667,1.0101038474887463
-73.92539667,40.84013167,1.0134021601987486
-73.88531167,40.81359,1.0119575798025036
-73.90783333,40.82975667,1.016850580323751
-73.89806167,40.815735,1.0085276406062518
-73.95340167,40.81234667,1.011863668940005
-73.95271167,40.82249167,1.015798624182507
-73.89131167,40.814285,1.0214088067812517
-73.918755,40.82158333,1.012498959457499
-73.93015333,40.81678333,1.0127999259624934
-73.89168,40.823105,1.0142647906737492
-73.93154167,40.83219333,1.0159708201649957
-73.97202167,40.76427,1.0083255434800074
-73.90945333,40.84482833,1.013352574773749
-73.92837833,40.80729333,1.0154017929387478
-73.92188333,40.80452333,1.0157612103674998
-73.93818667,40.80339667,1.0195950423525018
-73.91659167,40.81888,1.0162506001512563
-73.94955167,40.81246833,1.0196150265199935
-73.94690333,40.81404833,1.0175135189099986
-73.92833,40.82136167,1.0119390982849998
-73.889095,40.80635667,1.013292471876245
-73.90821167,40.82911,1.0176199011995761
-73.88949,40.82586,1.00992939760375
-73.93146,40.85877333,1.0133978027470796
-73.92198167,40.81028333,1.0203161308887523
-73.95286667,40.79804167,1.015193084525421
-73.92785833,40.80984,1.019626146329999
-73.95214667,40.80361167,1.0175286944712458
-73.96785833,40.76284333,1.0084146470650013
-73.89142833,40.814625,1.0156721072524941
-73.887725,40.81647667,1.0100330759087548
-73.89647333,40.83364,1.0042316149200006
-73.94238167,40.80329833,1.0101420126512515
-73.92559,40.83959167,1.0154168192737427
-73.931335,40.83264333,1.0180733801512434
-73.91015167,40.82449333,1.0155015644024956
-73.92834,40.82129,1.0119390982849998
-73.90656667,40.81275833,1.0098288752841635
-73.99008833,40.769775,1.0132174930374942
-73.9158,40.82084,1.0142007813149967
-73.94916167,40.82761833,1.0155529528675011
-73.95805167,40.81524667,1.0136703705062542
-73.92945667,40.81829,1.0122701162662489
-73.909725,40.81127667,1.0136583500112508
-73.95420833,40.77451333,1.0168660573624964
-73.90828667,40.80468333,1.0170121078112535
-73.94690333,40.82680833,1.0125587621587444
-73.89735667,40.844145,1.0103640935925045
-73.92698667,40.82030833,1.0114899767349976
-73.91536,40.839385,1.0214921994662474
-73.92112333,40.842035,1.0098377406600023
-73.95826667,40.81553333,1.0135339362562543
-73.88520667,40.81315833,1.0141477402787482
-73.94563,40.81298167,1.019632156152503
-73.93056167,40.815525,1.021400692936254
-73.91987833,40.803695,1.0166023539525042
-73.90797167,40.80816,1.0201011113412448
-73.93263833,40.85690667,1.022147925674994
-73.92028833,40.82208167,1.018752996739999
-73.92541,40.80601,1.0251404630875032
-73.92186333,40.810435,1.0200728632049987
-73.91836833,40.809095,1.023225725928755
-73.89153833,40.82474667,1.0267404104174984
-73.90880333,40.81019667,1.020546776798753
-73.916895,40.83842,1.0202222191425028
-73.90743667,40.809715,1.0263174343837564
-73.927665,40.81009,1.0173477845879133
-73.930355,40.83448,1.0201849552612507
-73.94932167,40.812825,1.0199549100737424
-73.91893833,40.80444333,1.0236614745175039
-73.95302833,40.80334667,1.0204886268137476
-73.89173,40.82368333,1.0270969729137551
-73.88556,40.82123,1.0173461315387455
-73.94143833,40.8046,1.0232886842237474
-73.949585,40.81237667,1.0190958851737435
-73.92964,40.80978667,1.0253138610312427
-73.93136667,40.85893667,1.0189707206829137
-73.93151333,40.82996,1.0280001732575004
-73.89152167,40.819655,1.0284816002000046
-73.88524333,40.81330167,1.0195547738249966
-73.93694167,40.85518833,1.0228625521504136
-73.89838167,40.83255833,1.0202591826987457
-73.91829333,40.81559833,1.0244676078749935
-73.91826167,40.80924333,1.0224008095687551
-73.91885167,40.80470333,1.0246322913562564
-73.92003167,40.82197333,1.0223181676900033
-73.95663333,40.815235,1.0225793160274992
-73.93583333,40.85529333,1.0206821591537507
-73.93839333,40.803095,1.0160844155091668
-73.918875,40.8145,1.0260906948062474
-73.93057833,40.81526667,1.0216619916462546
-73.95308667,40.80337333,1.0204886268137476
-73.955765,40.814035,1.0230052977225024
-73.89176333,40.82389167,1.0255149065812557
-73.91887833,40.80461833,1.0245111834162548
-73.91359833,40.83068,1.0176074297812499
-73.93059667,40.85740833,1.0252591677212484
-73.93030167,40.83454167,1.0221141175462476
-73.89810667,40.83276167,1.020939100087495
-73.93031667,40.857455,1.023441046194997
-73.91867167,40.80481167,1.0167677883574986
-73.99117,40.77010667,1.0198877450112458
-73.95107667,40.81252333,1.0165943907120853
-73.89868,40.83233667,1.018728654842496
-73.94681833,40.80829667,1.0250379879037543
-73.91882667,40.81456,1.0261709324974984
-73.91906333,40.81517333,1.027461498287499
-73.908305,40.82887833,1.0223727115449988
-73.93696833,40.85512833,1.0239450106824968
-73.99154333,40.77016833,1.018991155691245
-73.913395,40.81960833,1.0184983093399962
-73.91942333,40.81500833,1.016880181718755
-73.93105167,40.85722,1.0236910753474937
-73.936775,40.85552167,1.0239770156333283
-73.94990333,40.81204167,1.021620670118748
-73.93666333,40.85583333,1.0278580291520791
-73.90831667,40.828855,1.0223727115449988
-73.89132167,40.81432167,1.0214088067812517
-73.93130333,40.85713333,1.0237348004174942
-73.89203333,40.81675667,1.019245993065006
-73.92792667,40.80973833,1.0216603387587506
-73.91932333,40.80423333,1.0248578285912566
-73.91854833,40.81467667,1.0255091963412526
-73.95812833,40.82145,1.0214613970912516
-73.95597,40.81442,1.0203950159900037
-73.93626,40.856415,1.021831481892498
-73.99162667,40.77018333,1.0156132061312442
-73.9269,40.82824,1.0168882952525025
-73.92123667,40.80425167,1.0198549885787473
-73.89917,40.84107,1.027456540133749
-73.88878333,40.82164667,1.0130229086650022
-73.90921167,40.82412667,1.0249182322950068
-73.92884,40.80909833,1.033076639362501
-73.89103333,40.82503167,1.0260511770374963
-73.91491,40.818105,1.0366425613187495
-73.92616,40.80627833,1.0330961724062484
-73.94718333,40.80845833,1.0272513875266671
-73.91743333,40.81610667,1.0324774105699943
-73.91445333,40.80555833,1.0307509462125006
-73.91591667,40.817195,1.0325277466099991
-73.91909667,40.814215,1.0325591504599942
-73.93051833,40.81357667,1.035752283156249
-73.90755667,40.80937,1.0283971551575037
-73.91728,40.81619667,1.034465323724992
-73.891795,40.82432,1.0279645621275062
-73.93133,40.82969667,1.0341496317612533
-73.93543667,40.85721333,1.0318805857175077
-73.89111167,40.82498333,1.0284515483499994
-73.93073,40.81428833,1.0326740981187499
-73.89134,40.82487,1.0302411209062488
-73.89255833,40.818625,1.0314953242175036
-73.93105667,40.857525,1.0314446870499936
-73.91175833,40.80445,1.0351846080512461
-73.94712167,40.80843333,1.028700926280417
-73.933035,40.85603167,1.0312241086925042
-73.909155,40.813145,1.0257015268891656
-73.92142333,40.81104333,1.028159596955005
-73.9304,40.81352833,1.036297268871249
-73.92879167,40.80903667,1.0295331052900027
-73.91342167,40.80518333,1.0350804793937518
-73.92964667,40.812905,1.0283137619949967
-73.92874167,40.80898833,1.0300250499237529
-73.91809667,40.81502667,1.034943744761245
-73.93569667,40.854865,1.0258005464066693
-73.89262167,40.81855,1.0285146568804233
-73.91469833,40.81827167,1.0414399982974931
-73.93084667,40.81395,1.0356966877212477
-73.93458833,40.85452333,1.040922810482912
-73.92854167,40.80894167,1.0291762425612516
-73.912115,40.80492667,1.0271880292149982
-73.911665,40.82198,1.0310493586150002
-73.91938833,40.81380333,1.0368296324787547
-73.93103333,40.83317833,1.0434098804237568
-73.93464667,40.85454167,1.0408861475599949
-73.91722333,40.81541333,1.0381500998820803
-73.911645,40.80440167,1.034679741271247
